{
    "id": "demo-file-environment-xyzq",
    "name": "Test",
    "values": [
        {
            "key": "SecondEnvVar",
            "value": "SecondEnvValue",
            "enabled": true,
            "type": "default"
        },
        {
            "key": "Key-Two",
            "value": "",
            "enabled": true
        },
        {
            "key": "Key-Three",
            "value": "Value with nested variable {{Test_Surprise}}",
            "enabled": true,
            "type": "default"
        },
        {
            "key": "Surprise",
            "value": "It's me, again!",
            "enabled": true, 
            "type": "any"
        }
    ]
}
