{
    "id": "demo-file-environment-xyzq",
    "name": "Development",
    "values": [
        {
            "key": "Key-One",
            "value": "Value-One",
            "enabled": true,
            "type": "default"
        },
        {
            "key": "Key-Two",
            "value": "",
            "enabled": true
        },
        {
            "key": "Key-Three",
            "value": "Value with nested variable {{Development_Surprise}}",
            "enabled": true,
            "type": "default"
        },
        {
            "key": "Surprise",
            "value": "It's me!",
            "enabled": true, 
            "type": "any"
        }
    ]
}
